ID,Year,Problem Number,Question,Answer,Part
2023-II-1,2023,1,The numbers of apples growing on each of six apple trees form an arithmetic sequence where the greatest number of apples growing on any of the six trees is double the least number of apples growing on any of the six trees. The total number of apples growing on all six trees is $990.$ Find the greatest number of apples growing on any of the six trees.,220,II
2023-II-2,2023,2,"Recall that a palindrome is a number that reads the same forward and backward. Find the greatest integer less than $1000$ that is a palindrome both when written in base ten and when written in base eight, such as $292 = 444_{\text{eight}}.$",585,II
2023-II-3,2023,3,Let $\triangle ABC$ be an isosceles triangle with $\angle A = 90^\circ.$ There exists a point $P$ inside $\triangle ABC$ such that $\angle PAB = \angle PBC = \angle PCA$ and $AP = 10.$ Find the area of $\triangle ABC.$,250,II
2023-II-4,2023,4,"Let $x,y,$ and $z$ be real numbers satisfying the system of equations \begin{align*} xy + 4z &= 60 \\ yz + 4x &= 60 \\ zx + 4y &= 60. \end{align*} Let $S$ be the set of possible values of $x.$ Find the sum of the squares of the elements of $S.$",273,II
2023-II-5,2023,5,"Let $S$ be the set of all positive rational numbers $r$ such that when the two numbers $r$ and $55r$ are written as fractions in lowest terms, the sum of the numerator and denominator of one fraction is the same as the sum of the numerator and denominator of the other fraction. The sum of all the elements of $S$ can be expressed in the form $\frac{p}{q},$ where $p$ and $q$ are relatively prime positive integers. Find $p+q.$",719,II
2023-II-6,2023,6,"Consider the L-shaped region formed by three unit squares joined at their sides, as shown below. Two points $A$ and $B$ are chosen independently and uniformly at random from inside the region. The probability that the midpoint of $\overline{AB}$ also lies inside this L-shaped region can be expressed as $\frac{m}{n},$ where $m$ and $n$ are relatively prime positive integers. Find $m+n.$ [asy] unitsize(2cm); draw((0,0)--(2,0)--(2,1)--(1,1)--(1,2)--(0,2)--cycle); draw((0,1)--(1,1)--(1,0),dashed); [/asy]",35,II
2023-II-7,2023,7,"Each vertex of a regular dodecagon ( $12$ -gon) is to be colored either red or blue, and thus there are $2^{12}$ possible colorings. Find the number of these colorings with the property that no four vertices colored the same color are the four vertices of a rectangle.",928,II
2023-II-8,2023,8,"Let $\omega = \cos\frac{2\pi}{7} + i \cdot \sin\frac{2\pi}{7},$ where $i = \sqrt{-1}.$ Find the value of the product \[\prod_{k=0}^6 \left(\omega^{3k} + \omega^k + 1\right).\]",24,II
2023-II-9,2023,9,"Circles $\omega_1$ and $\omega_2$ intersect at two points $P$ and $Q,$ and their common tangent line closer to $P$ intersects $\omega_1$ and $\omega_2$ at points $A$ and $B,$ respectively. The line parallel to $AB$ that passes through $P$ intersects $\omega_1$ and $\omega_2$ for the second time at points $X$ and $Y,$ respectively. Suppose $PX=10,$ $PY=14,$ and $PQ=5.$ Then the area of trapezoid $XABY$ is $m\sqrt{n},$ where $m$ and $n$ are positive integers and $n$ is not divisible by the square of any prime. Find $m+n.$",33,II
2023-II-10,2023,10,"Let $N$ be the number of ways to place the integers $1$ through $12$ in the $12$ cells of a $2 \times 6$ grid so that for any two cells sharing a side, the difference between the numbers in those cells is not divisible by $3.$ One way to do this is shown below. Find the number of positive integer divisors of $N.$ \[\begin{array}{|c|c|c|c|c|c|} \hline \,1\, & \,3\, & \,5\, & \,7\, & \,9\, & 11 \\ \hline \,2\, & \,4\, & \,6\, & \,8\, & 10 & 12 \\ \hline \end{array}\]",144,II
2023-II-11,2023,11,"Find the number of collections of $16$ distinct subsets of $\{1,2,3,4,5\}$ with the property that for any two subsets $X$ and $Y$ in the collection, $X \cap Y \not= \emptyset.$",81,II
2023-II-12,2023,12,"In $\triangle ABC$ with side lengths $AB = 13,$ $BC = 14,$ and $CA = 15,$ let $M$ be the midpoint of $\overline{BC}.$ Let $P$ be the point on the circumcircle of $\triangle ABC$ such that $M$ is on $\overline{AP}.$ There exists a unique point $Q$ on segment $\overline{AM}$ such that $\angle PBQ = \angle PCQ.$ Then $AQ$ can be written as $\frac{m}{\sqrt{n}},$ where $m$ and $n$ are relatively prime positive integers. Find $m+n.$",247,II
2023-II-13,2023,13,Let $A$ be an acute angle such that $\tan A = 2 \cos A.$ Find the number of positive integers $n$ less than or equal to $1000$ such that $\sec^n A + \tan^n A$ is a positive integer whose units digit is $9.$,167,II
2023-II-14,2023,14,"A cube-shaped container has vertices $A,$ $B,$ $C,$ and $D,$ where $\overline{AB}$ and $\overline{CD}$ are parallel edges of the cube, and $\overline{AC}$ and $\overline{BD}$ are diagonals of faces of the cube, as shown. Vertex $A$ of the cube is set on a horizontal plane $\mathcal{P}$ so that the plane of the rectangle $ABDC$ is perpendicular to $\mathcal{P},$ vertex $B$ is $2$ meters above $\mathcal{P},$ vertex $C$ is $8$ meters above $\mathcal{P},$ and vertex $D$ is $10$ meters above $\mathcal{P}.$ The cube contains water whose surface is parallel to $\mathcal{P}$ at a height of $7$ meters above $\mathcal{P}.$ The volume of water is $\frac{m}{n}$ cubic meters, where $m$ and $n$ are relatively prime positive integers. Find $m+n.$ [asy] //Made by Djmathman (orz) size(250); defaultpen(linewidth(0.6)); pair A = origin, B = (6,3), X = rotate(40)*B, Y = rotate(70)*X, C = X+Y, Z = X+B, D = B+C, W = B+Y; pair P1 = 0.8*C+0.2*Y, P2 = 2/3*C+1/3*X, P3 = 0.2*D+0.8*Z, P4 = 0.63*D+0.37*W; pair E = (-20,6), F = (-6,-5), G = (18,-2), H = (9,8); filldraw(E--F--G--H--cycle,rgb(0.98,0.98,0.2)); fill(A--Y--P1--P4--P3--Z--B--cycle,rgb(0.35,0.7,0.9)); draw(A--B--Z--X--A--Y--C--X^^C--D--Z); draw(P1--P2--P3--P4--cycle^^D--P4); dot(""$A$"",A,S); dot(""$B$"",B,S); dot(""$C$"",C,N); dot(""$D$"",D,N); label(""$\mathcal P$"",(-13,4.5)); [/asy]",751,II
2023-II-15,2023,15,For each positive integer $n$ let $a_n$ be the least positive integer multiple of $23$ such that $a_n \equiv 1 \pmod{2^n}.$ Find the number of positive integers $n$ less than or equal to $1000$ that satisfy $a_n = a_{n+1}.$,363,II
2024-II-1,2024,1,"Among the $900$ residents of Aimeville, there are $195$ who own a diamond ring, $367$ who own a set of golf clubs, and $562$ who own a garden spade. In addition, each of the $900$ residents owns a bag of candy hearts. There are $437$ residents who own exactly two of these things, and $234$ residents who own exactly three of these things. Find the number of residents of Aimeville who own all four of these things.",73,II
2024-II-2,2024,2,A list of positive integers has the following properties: $\bullet$ The sum of the items in the list is $30$ . $\bullet$ The unique mode of the list is $9$ . $\bullet$ The median of the list is a positive integer that does not appear in the list itself. Find the sum of the squares of all the items in the list.,236,II
2024-II-3,2024,3,"Find the number of ways to place a digit in each cell of a 2x3 grid so that the sum of the two numbers formed by reading left to right is $999$ , and the sum of the three numbers formed by reading top to bottom is $99$ . The grid below is an example of such an arrangement because $8+991=999$ and $9+9+81=99$ . \[\begin{array}{|c|c|c|} \hline 0 & 0 & 8 \\ \hline 9 & 9 & 1 \\ \hline \end{array}\]",45,II
2024-II-4,2024,4,"Let $x,y$ and $z$ be positive real numbers that satisfy the following system of equations: \[\log_2\left({x \over yz}\right) = {1 \over 2}\] \[\log_2\left({y \over xz}\right) = {1 \over 3}\] \[\log_2\left({z \over xy}\right) = {1 \over 4}\] Then the value of $\left|\log_2(x^4y^3z^2)\right|$ is $\tfrac{m}{n}$ where $m$ and $n$ are relatively prime positive integers. Find $m+n$ .",33,II
2024-II-5,2024,5,"Let $ABCDEF$ be a convex equilateral hexagon in which all pairs of opposite sides are parallel. The triangle whose sides are extensions of segments $\overline{AB}$ , $\overline{CD}$ , and $\overline{EF}$ has side lengths $200, 240,$ and $300$ . Find the side length of the hexagon.",80,II
2024-II-6,2024,6,Alice chooses a set $A$ of positive integers. Then Bob lists all finite nonempty sets $B$ of positive integers with the property that the maximum element of $B$ belongs to $A$ . Bob's list has $2024$ sets. Find the sum of the elements of $A$ .,55,II
2024-II-7,2024,7,"Let $N$ be the greatest four-digit integer with the property that whenever one of its digits is changed to $1$ , the resulting number is divisible by $7$ . Let $Q$ and $R$ be the quotient and remainder, respectively, when $N$ is divided by $1000$ . Find $Q+R$ .",699,II
2024-II-8,2024,8,"Torus $T$ is the surface produced by revolving a circle with radius 3 around an axis in the plane of the circle that is a distance 6 from the center of the circle (so like a donut). Let $S$ be a sphere with a radius 11. When $T$ rests on the inside of $S$ , it is internally tangent to $S$ along a circle with radius $r_i$ , and when $T$ rests on the outside of $S$ , it is externally tangent to $S$ along a circle with radius $r_o$ . The difference $r_i-r_o$ can be written as $\frac{m}{n}$ , where $m$ and $n$ are relatively prime positive integers. Find $m+n$ . [asy] unitsize(0.3 inch); draw(ellipse((0,0), 3, 1.75)); draw((-1.2,0.1)..(-0.8,-0.03)..(-0.4,-0.11)..(0,-0.15)..(0.4,-0.11)..(0.8,-0.03)..(1.2,0.1)); draw((-1,0.04)..(-0.5,0.12)..(0,0.16)..(0.5,0.12)..(1,0.04)); draw((0,2.4)--(0,-0.15)); draw((0,-0.15)--(0,-1.75), dashed); draw((0,-1.75)--(0,-2.25)); draw(ellipse((2,0), 1, 0.9)); draw((2.03,-0.02)--(2.9,-0.4)); [/asy]",127,II
2024-II-10,2024,10,"Let $\triangle$ $ABC$ have incenter $I$ and circumcenter $O$ with $\overline{IA} \perp \overline{OI}$ , circumradius $13$ , and inradius $6$ . Find $AB \cdot AC$ .",468,II
2024-II-11,2024,11,"Find the number of triples of nonnegative integers $(a, b, c)$ satisfying $a + b + c = 300$ and \[a^2 b + a^2 c + b^2 a + b^2 c + c^2 a + c^2 b = 6,000,000.\]",601,II
2024-II-12,2024,12,"Let $O(0,0),A(\tfrac{1}{2},0),$ and $B(0,\tfrac{\sqrt{3}}{2})$ be points in the coordinate plane. Let $\mathcal{F}$ be the family of segments $\overline{PQ}$ of unit length lying in the first quadrant with $P$ on the $x$ -axis and $Q$ on the $y$ -axis. There is a unique point $C$ on $\overline{AB},$ distinct from $A$ and $B,$ that does not belong to any segment from $\mathcal{F}$ other than $\overline{AB}$ . Then $OC^2=\tfrac{p}{q}$ , where $p$ and $q$ are relatively prime positive integers. Find $p+q$ .",23,II
2024-II-13,2024,13,Let $\omega\neq 1$ be a 13th root of unity. Find the remainder when \[\prod_{k=0}^{12}(2-2\omega^k+\omega^{2k})\] is divided by 1000.,321,II
2024-II-14,2024,14,"Let $b \geq 2$ be an integer. Call a positive integer $n$ $b\textit{-eautiful}$ if it has exactly two digits when expressed in base $b$ , and these two digits sum to $\sqrt{n}$ . For example, $81$ is $13$ -eautiful because $81=\underline{6}$ $\underline{3}_{13}$ and $6+3=\sqrt{81}$ . Find the least integer $b\geq 2$ for which there are more than ten $b$ -eautiful integers.",211,II
2024-II-15,2024,15,"Find the number of rectangles that can be formed inside a fixed regular dodecagon ( $12$ -gon) where each side of the rectangle lies on either a side or a diagonal of the dodecagon. The diagram below shows three of those rectangles. [asy] unitsize(0.6 inch); for(int i=0; i<360; i+=30) { dot(dir(i), 4+black); draw(dir(i)--dir(i+30)); } draw(dir(120)--dir(330)); filldraw(dir(210)--dir(240)--dir(30)--dir(60)--cycle, mediumgray, linewidth(1.5)); draw((0,0.366)--(0.366,0), linewidth(1.5)); [/asy]",315,II